{
  "model": "logistic_regression",
  "selection": {
    "best_score": 0.9179753888087221,
    "best_params": {
      "clf__C": 0.1,
      "clf__class_weight": "balanced",
      "clf__max_iter": 1000,
      "clf__penalty": "l2",
      "clf__solver": "liblinear"
    },
    "cv_splits": 5,
    "scoring": "roc_auc"
  },
  "cv_metrics": {
    "cv_splits": 5,
    "accuracy_mean": 0.854863387978142,
    "accuracy_std": 0.041770729140078296,
    "precision_mean": 0.859401831440812,
    "precision_std": 0.05816568811749695,
    "recall_mean": 0.8203703703703704,
    "recall_std": 0.06332871403327273,
    "roc_auc_mean": 0.9179753888087221,
    "roc_auc_std": 0.02272176466086684,
    "per_fold": {
      "accuracy": [
        0.9180327868852459,
        0.8032786885245902,
        0.819672131147541,
        0.85,
        0.8833333333333333
      ],
      "precision": [
        0.896551724137931,
        0.8076923076923077,
        0.8148148148148148,
        0.8214285714285714,
        0.9565217391304348
      ],
      "recall": [
        0.9285714285714286,
        0.75,
        0.7857142857142857,
        0.8518518518518519,
        0.7857142857142857
      ],
      "roc_auc": [
        0.9567099567099567,
        0.8863636363636362,
        0.9090909090909091,
        0.9180695847362514,
        0.9196428571428572
      ]
    }
  },
  "oof_roc_auc": 0.9145902789963151,
  "artifacts": {
    "roc_plot": "/Users/ayushgoyal/Downloads/MLOP-Assign/Part2/outputs/plots/logreg_roc_curve.png",
    "confusion_matrix": "/Users/ayushgoyal/Downloads/MLOP-Assign/Part2/outputs/plots/logreg_confusion_matrix.png",
    "model_path": "/Users/ayushgoyal/Downloads/MLOP-Assign/Part2/outputs/models/logreg_best.joblib"
  }
}