{
  "chosen_model": "rf",
  "artifacts": {
    "final_model_joblib": "/Users/ayushgoyal/Downloads/MLOP-Assign/Part4/models/final_model.joblib",
    "mlflow_model_dir": "/Users/ayushgoyal/Downloads/MLOP-Assign/Part4/models/mlflow_model",
    "schema_json": "/Users/ayushgoyal/Downloads/MLOP-Assign/Part4/models/schema.json",
    "plots_dir": "/Users/ayushgoyal/Downloads/MLOP-Assign/Part4/plots"
  },
  "metrics": {
    "logreg": {
      "cv": {
        "cv_splits": 5,
        "accuracy_mean": 0.854863387978142,
        "accuracy_std": 0.041770729140078296,
        "precision_mean": 0.859401831440812,
        "precision_std": 0.05816568811749695,
        "recall_mean": 0.8203703703703704,
        "recall_std": 0.06332871403327273,
        "roc_auc_mean": 0.9179753888087221,
        "roc_auc_std": 0.02272176466086684,
        "per_fold": {
          "accuracy": [
            0.9180327868852459,
            0.8032786885245902,
            0.819672131147541,
            0.85,
            0.8833333333333333
          ],
          "precision": [
            0.896551724137931,
            0.8076923076923077,
            0.8148148148148148,
            0.8214285714285714,
            0.9565217391304348
          ],
          "recall": [
            0.9285714285714286,
            0.75,
            0.7857142857142857,
            0.8518518518518519,
            0.7857142857142857
          ],
          "roc_auc": [
            0.9567099567099567,
            0.8863636363636362,
            0.9090909090909091,
            0.9180695847362514,
            0.9196428571428572
          ]
        }
      },
      "oof_roc_auc": 0.9145902789963151,
      "selection": {
        "best_score": 0.9179753888087221,
        "best_params": {
          "clf__C": 0.1,
          "clf__class_weight": "balanced",
          "clf__max_iter": 1000,
          "clf__penalty": "l2",
          "clf__solver": "liblinear"
        },
        "cv_splits": 5,
        "scoring": "roc_auc"
      }
    },
    "rf": {
      "cv": {
        "cv_splits": 5,
        "accuracy_mean": 0.8284153005464481,
        "accuracy_std": 0.03198518947178988,
        "precision_mean": 0.8341559989236151,
        "precision_std": 0.04588141445092053,
        "recall_mean": 0.7838624338624338,
        "recall_std": 0.06097065790057156,
        "roc_auc_mean": 0.9183707110790443,
        "roc_auc_std": 0.017903785174367363,
        "per_fold": {
          "accuracy": [
            0.8524590163934426,
            0.7704918032786885,
            0.8524590163934426,
            0.8166666666666667,
            0.85
          ],
          "precision": [
            0.8275862068965517,
            0.7692307692307693,
            0.8275862068965517,
            0.8333333333333334,
            0.9130434782608695
          ],
          "recall": [
            0.8571428571428571,
            0.7142857142857143,
            0.8571428571428571,
            0.7407407407407407,
            0.75
          ],
          "roc_auc": [
            0.9523809523809523,
            0.9036796536796536,
            0.9036796536796537,
            0.9147025813692481,
            0.9174107142857143
          ]
        }
      },
      "oof_roc_auc": 0.9144586769608704,
      "selection": {
        "best_score": 0.9183707110790443,
        "best_params": {
          "clf__class_weight": "balanced",
          "clf__max_depth": 5,
          "clf__min_samples_leaf": 4,
          "clf__n_estimators": 400,
          "clf__random_state": 42
        },
        "cv_splits": 5,
        "scoring": "roc_auc"
      }
    },
    "final": {
      "cv": {
        "cv_splits": 5,
        "accuracy_mean": 0.8284153005464481,
        "accuracy_std": 0.03198518947178988,
        "precision_mean": 0.8341559989236151,
        "precision_std": 0.04588141445092053,
        "recall_mean": 0.7838624338624338,
        "recall_std": 0.06097065790057156,
        "roc_auc_mean": 0.9183707110790443,
        "roc_auc_std": 0.017903785174367363,
        "per_fold": {
          "accuracy": [
            0.8524590163934426,
            0.7704918032786885,
            0.8524590163934426,
            0.8166666666666667,
            0.85
          ],
          "precision": [
            0.8275862068965517,
            0.7692307692307693,
            0.8275862068965517,
            0.8333333333333334,
            0.9130434782608695
          ],
          "recall": [
            0.8571428571428571,
            0.7142857142857143,
            0.8571428571428571,
            0.7407407407407407,
            0.75
          ],
          "roc_auc": [
            0.9523809523809523,
            0.9036796536796536,
            0.9036796536796537,
            0.9147025813692481,
            0.9174107142857143
          ]
        }
      },
      "oof_roc_auc": 0.9144586769608704,
      "selection": {
        "best_score": 0.9183707110790443,
        "best_params": {
          "clf__class_weight": "balanced",
          "clf__max_depth": 5,
          "clf__min_samples_leaf": 4,
          "clf__n_estimators": 400,
          "clf__random_state": 42
        },
        "cv_splits": 5,
        "scoring": "roc_auc"
      }
    }
  },
  "reproducibility_notes": {
    "random_state": 42,
    "cv_splits": 5,
    "preprocessing": {
      "numeric_cont_scaled": [
        "age",
        "trestbps",
        "chol",
        "thalach",
        "oldpeak",
        "ca"
      ],
      "binary_numeric_passthrough": [
        "sex",
        "fbs",
        "exang"
      ],
      "categorical_onehot": [
        "cp",
        "restecg",
        "slope",
        "thal"
      ]
    },
    "source": "Reused trained model from Part2"
  }
}